#dce1dd,#dde2de,#dee3df,#dfe4e0,#e0e5e1,#e1e6e2,#e0e5e1,#e0e5e1,#e2e7e3,#d1d6d2,#969b97,#959a96,#c6cbc7,#d5dad6,#d4d9d5,#d4d9d5,#d8ddd9,#dde2de,#e2e7e3,#e5eae6,#e6ebe7,#e5eae6,#e5eae6,#e5eae6,#e7ece8,#e7ece8,#e7ece8,#e7ece8,#e7ece8,#e7ece8,#e7ece8,#e7ece8,#ddf2e3,#e0f1e7,#e7f6f1,#e0e8eb,#f7f7ff,#e2dfe6,#e8e2e2,#f7eee5,#e7e0cd,#e0dbbe,#c8c7a8,#f6f9de,#eff3e2,#e4ebe4,#e5eef3,#e4ecf7,#e7f0dd,#e7f0df,#e7efe0,#e6eee1,#e6ede5,#e5ece5,#e6eae9,#e6eae9,#e5e9ea,#e5e9ea,#e7e9e8,#e6e8e5,#e6e8e3,#e5e8e1,#e5e8e1,#e5e8df,#e6e7df,#efefe7,#c7c6c1,#6d6c68,#3f3d3e,#302e31,#131116,#110c12,#120d13,#110c12,#0f0a0e,#0a0607,#070101,#0b0603,#191410,#28231f,#2f1c16,#321a16,#371b18,#3c1d1a,#42201e,#42201e,#3d201c,#371f1b,#332620,#19140e,#060701,#050a04,#0b0f0e,#0b0c0e,#09080d,#0a090f,#161f1a,#222b26,#353e39,#454e49
#dce1dd,#dde2de,#dee3df,#dfe4e0,#e0e5e1,#e1e6e2,#e0e5e1,#e0e5e1,#e1e6e2,#d1d6d2,#969b97,#959a96,#c6cbc7,#d5dad6,#d4d9d5,#d4d9d5,#d8ddd9,#dde2de,#e2e7e3,#e5eae6,#e6ebe7,#e5eae6,#e5eae6,#e5eae6,#e7ece8,#e7ece8,#e7ece8,#e7ece8,#e7ece8,#e7ece8,#e7ece8,#e7ece8,#dff4e5,#e2f3e9,#e1ede9,#e3ebee,#ebebf3,#eee9ef,#fbf2f3,#dad1c8,#9d9582,#787356,#7c785b,#9e9e84,#e8ebda,#e9eee8,#e2e9ef,#e5edf8,#e7f0df,#e7efe0,#e6eee1,#e6eee3,#e6ede5,#e5ebe7,#e5ebe9,#e6eaeb,#e5e9ea,#e5e9ea,#e4e8e7,#e4e8e7,#e6e8e5,#e5e7e2,#e5e8e1,#e5e8e1,#e4e5dd,#e7e8e0,#c2c3bd,#706f6b,#424041,#312f32,#151318,#141217,#131017,#140f15,#110c10,#0c0809,#060201,#060200,#0e0b06,#16130e,#2a1912,#2e1914,#351c18,#3e211d,#452321,#442522,#40231f,#38231e,#291c16,#130e08,#040500,#050a04,#0a0e0d,#0a0b0d,#0a090e,#0d0a11,#121b16,#1d2621,#2d3631,#38413c
#dce1dd,#dde2de,#dee3df,#dfe4e0,#e0e5e1,#e1e6e2,#e0e5e1,#e0e5e1,#e1e6e2,#d0d5d1,#969b97,#959a96,#c7ccc8,#d6dbd7,#d4d9d5,#d3d8d4,#d8ddd9,#dde2de,#e2e7e3,#e5eae6,#e6ebe7,#e5eae6,#e5eae6,#e5eae6,#e7ece8,#e7ece8,#e7ece8,#e7ece8,#e7ece8,#e7ece8,#e7ece8,#e7ece8,#e0f2e4,#e3f3e9,#dde8e4,#eaeff2,#e3e2e8,#f5eef5,#e8dedd,#998f86,#4d4230,#3b341a,#504b2e,#58563d,#b4b5a5,#e4e7e0,#e2e7eb,#eff6ff,#e5f0e2,#e6eee1,#e6eee3,#e6ede5,#e5ebe7,#e5ebe9,#e5ebeb,#e5ebeb,#e4e9ec,#e4e8e9,#e4e8e9,#e4e8e7,#e3e8e4,#e3e8e2,#e3e8e1,#e3e8e1,#e2e3db,#e0e1db,#c1c2bc,#757573,#424242,#2c2a2d,#141217,#17151a,#141118,#131116,#100e13,#0a080b,#070304,#060201,#070300,#080401,#1d1008,#24130c,#2d1813,#3a1e1b,#412420,#412420,#3b221d,#33201a,#1a0f09,#0c0701,#030400,#060b05,#0a0e0d,#090a0c,#0a090e,#100e13,#121b16,#1b241f,#252e29,#2b342f
#dce1dd,#dde2de,#dee3df,#dfe4e0,#e0e5e1,#e1e6e2,#e0e5e1,#e0e5e1,#e0e5e1,#d0d5d1,#969b97,#969b97,#c7ccc8,#d6dbd7,#d3d8d4,#d2d7d3,#d8ddd9,#dde2de,#e2e7e3,#e5eae6,#e6ebe7,#e5eae6,#e5eae6,#e5eae6,#e6ebe7,#e6ebe7,#e6ebe7,#e6ebe7,#e6ebe7,#e6ebe7,#e6ebe7,#e6ebe7,#dfefe4,#e2efe6,#e1eae7,#edf1f4,#e7e5ea,#f1e8ed,#a29696,#56483f,#3b2e1d,#4e422a,#4b442a,#47422c,#696758,#d4d5cf,#ebecee,#e9ecf3,#e4eee5,#e4eee5,#e4eee6,#e3ece7,#e3ece9,#e5ebeb,#e4e9ec,#e4e9ec,#e3e8eb,#e3e8eb,#e3e9e9,#e2e8e6,#e2e8e4,#e2e9e2,#e1e8e1,#e1e8e0,#e3e4dc,#dfe0da,#c6c7c2,#7c7c7a,#3e3e3e,#222224,#111015,#19181d,#121116,#121116,#0f0d12,#09070a,#060405,#070604,#060503,#040300,#0e0500,#140903,#211009,#2c1712,#351c18,#341b17,#2f1713,#26150e,#120902,#080500,#040700,#090e08,#0b0f0e,#08090b,#0a090e,#110f14,#181e1a,#202622,#252b27,#252b27
#dce1dd,#dde2de,#dee3df,#dfe4e0,#e0e5e1,#e1e6e2,#e0e5e1,#e0e5e1,#e0e5e1,#d0d5d1,#979c98,#979c98,#c8cdc9,#d6dbd7,#d3d8d4,#d2d7d3,#d8ddd9,#dde2de,#e2e7e3,#e5eae6,#e6ebe7,#e5eae6,#e5eae6,#e5eae6,#e6ebe7,#e6ebe7,#e6ebe7,#e6ebe7,#e6ebe7,#e6ebe7,#e6ebe7,#e6ebe7,#e3f0e6,#e1ece4,#e7edeb,#eaebed,#f3eef2,#e0d5d9,#5d4f4e,#3f2e26,#554434,#5a4b36,#42361e,#433b26,#453f2f,#aaa79e,#f3f2f0,#e1e1e3,#e4ede8,#e4ede8,#e3ece9,#e3eceb,#e3eceb,#e2eaec,#e2eaec,#e2eaec,#e3e8eb,#e3e8eb,#e2e8e8,#e2e8e6,#e2e8e4,#e1e8e1,#e1e8e1,#e1e8e0,#e4e5df,#e0e1db,#cdcec9,#828280,#393939,#1f1f21,#18181a,#232227,#17161b,#17161b,#111015,#070709,#040406,#070707,#080808,#060604,#040100,#090500,#140903,#210f0b,#28130e,#27120d,#210e08,#190a03,#110a02,#070700,#080b04,#0d120c,#0d1110,#090a0c,#0a080d,#110c12,#1b211d,#222824,#252b27,#202622
#dce1dd,#dde2de,#dee3df,#dfe4e0,#e0e5e1,#e1e6e2,#e0e5e1,#e0e5e1,#dfe4e0,#d0d5d1,#979c98,#979c98,#c8cdc9,#d6dbd7,#d3d8d4,#d1d6d2,#d8ddd9,#dde2de,#e2e7e3,#e5eae6,#e6ebe7,#e5eae6,#e5eae6,#e5eae6,#e5eae6,#e5eae6,#e5eae6,#e5eae6,#e5eae6,#e5eae6,#e5eae6,#e5eae6,#e8f3eb,#e2ebe6,#e6ebe7,#e7e5e6,#f6edf0,#beb2b2,#463432,#4d3a33,#594638,#493625,#493824,#483b28,#463d2e,#635c52,#dcd7d3,#f6f2f1,#e5ebeb,#e5ebeb,#e5ebeb,#e5ebeb,#e4e9ec,#e4e9ec,#e4e9ec,#e3e8eb,#e2e7ea,#e0e9e8,#e0e9e8,#e0e9e6,#dfe8e3,#dfe9e1,#dfe9e1,#dee8e0,#e3e6df,#dcdfd8,#c9cbc6,#7c7e79,#323431,#222423,#232426,#28292b,#1d1e22,#1e1f23,#17181c,#08090d,#010204,#040507,#07080a,#040605,#020500,#060600,#0d0802,#170c06,#1d0e09,#1f0e07,#1a0b04,#140903,#110d04,#080901,#070c05,#0f140e,#0f1312,#090a0c,#09070c,#0f0a10,#181e1a,#212723,#242a26,#1d231f
#dce1dd,#dde2de,#dee3df,#dfe4e0,#e0e5e1,#e1e6e2,#e0e5e1,#e0e5e1,#dfe4e0,#d0d5d1,#979c98,#989d99,#c9ceca,#d7dcd8,#d3d8d4,#d1d6d2,#d8ddd9,#dde2de,#e2e7e3,#e5eae6,#e6ebe7,#e5eae6,#e5eae6,#e5eae6,#e5eae6,#e5eae6,#e5eae6,#e5eae6,#e5eae6,#e5eae6,#e5eae6,#e5eae6,#e6efea,#e7ede9,#e3e5e2,#ede9e8,#e8dedd,#8d7d7d,#4d3a36,#513a32,#523a2e,#4a3426,#554231,#4f3e2e,#483a2d,#3b3127,#999087,#f4ede7,#e6eaeb,#e6eaeb,#e6eaeb,#e5e9ea,#e5e9ea,#e4eaea,#e3e9e9,#e3e9e9,#e2e8e8,#e2e8e6,#e2e8e6,#e1e7e3,#dfe9e1,#dfe9e1,#dee8df,#dee8df,#e5e6de,#d7d8d2,#bebfb9,#6c6d68,#262823,#232522,#252726,#1e201f,#1d1e20,#232426,#1e1f21,#0a0e0f,#000304,#010506,#040809,#010506,#010800,#020700,#080800,#110a04,#170c06,#1b0e08,#1a0d07,#160d06,#110e05,#080901,#050a03,#0c130c,#0f1312,#0c0c0e,#09070a,#0d080e,#131915,#1f2521,#232925,#1d231f
#dce1dd,#dde2de,#dee3df,#dfe4e0,#e0e5e1,#e1e6e2,#e0e5e1,#e0e5e1,#dee3df,#cfd4d0,#979c98,#989d99,#c9ceca,#d7dcd8,#d3d8d4,#d1d6d2,#d8ddd9,#dde2de,#e2e7e3,#e5eae6,#e6ebe7,#e5eae6,#e5eae6,#e5eae6,#e5eae6,#e5eae6,#e5eae6,#e5eae6,#e5eae6,#e5eae6,#e5eae6,#e5eae6,#e2e8e6,#ebf0ec,#e1e1df,#f7f2ef,#dacfcd,#65534f,#57433c,#3f261f,#593e35,#5e4338,#4f382a,#483527,#423223,#483a2d,#544a3e,#c8c0b3,#e9e9e9,#e9e9e9,#e8eae9,#e7e9e8,#e7e9e8,#e6e8e7,#e6e8e5,#e4e9e5,#e3e8e4,#e3e8e2,#e3e8e2,#e1e8e0,#e1e8e0,#e0e7df,#e0e8dd,#e0e8dd,#e7e8e0,#d2d3cb,#b1b2aa,#5d5e58,#1c1d17,#20221d,#1f211e,#0d0f0c,#191b1a,#202423,#1e2223,#0d1112,#010506,#020609,#04080b,#020609,#000901,#000800,#040700,#0a0702,#130a05,#180d09,#1a0f09,#181109,#0f0f07,#050800,#020901,#0a110a,#0f1410,#0b0d0c,#09070a,#0d080e,#121713,#1f2420,#252a26,#202521
#dde2de,#dde2de,#dde2de,#dee3df,#dee3df,#dfe4e0,#dfe4e0,#dfe4e0,#e3e8e4,#ced3cf,#929793,#959a96,#c8cdc9,#d4d9d5,#d1d6d2,#d2d7d3,#d8ddd9,#dde2de,#e2e7e3,#e5eae6,#e6ebe7,#e5eae6,#e5eae6,#e5eae6,#e5eae6,#e5eae6,#e5eae6,#e6ebe7,#e6ebe7,#e7ece8,#e7ece8,#e7ece8,#e9efed,#e5e9e8,#e6e7e2,#eee9e5,#d7ccc6,#5d4c45,#412a22,#492e25,#53362e,#563931,#593e33,#584034,#433022,#2b1b0b,#403322,#746957,#e8e4e1,#eeeae7,#e3e0db,#efece7,#f0efea,#dfdfd7,#e7e7df,#f1f2ea,#e6e7df,#dfe1d6,#e0e3d8,#e7eadf,#e8ebe0,#e5e8dd,#e0e6da,#dfe5d9,#e6e6dc,#c2c2b8,#7a7a70,#22221a,#1a1b13,#0c0d05,#10110b,#0c0e09,#0f110c,#151714,#1e2221,#171b1a,#040809,#000405,#050a0d,#02070a,#000c05,#000a02,#040903,#0f0e09,#1d1512,#201712,#1c130e,#130e08,#080800,#020700,#020901,#060d06,#0c110d,#0e100f,#0b090c,#080307,#0f1410,#191e1a,#202521,#1e231f
#dde2de,#dde2de,#dde2de,#dee3df,#dee3df,#dfe4e0,#dfe4e0,#dfe4e0,#e2e7e3,#cdd2ce,#939894,#979c98,#cacfcb,#d6dbd7,#d2d7d3,#d3d8d4,#d8ddd9,#dce1dd,#e2e7e3,#e5eae6,#e5eae6,#e5eae6,#e5eae6,#e5eae6,#e5eae6,#e5eae6,#e5eae6,#e6ebe7,#e6ebe7,#e6ebe7,#e7ece8,#e7ece8,#e9efef,#e4e8e7,#e8e9e4,#f5f0ea,#c6bcb3,#5b493f,#422c21,#4f342b,#53352d,#4e2f2a,#4a2d25,#4f342b,#463022,#2a1907,#2a1b04,#463a22,#c1b8af,#efe6dd,#f6eee3,#eee8dc,#ece6da,#eee8da,#f1eedf,#e5e2d3,#eeecdd,#e9e7d8,#f1efe0,#ebecdc,#ddded0,#e7e8da,#eef0e2,#dcded0,#ceccc0,#8b897d,#3d3b2f,#080600,#1d1d11,#222218,#28281e,#21221a,#23241c,#1f221b,#1f211c,#141915,#030706,#020607,#070b0e,#03080b,#000f0a,#000a04,#050a06,#151410,#28201d,#2d2321,#231a15,#130e08,#080901,#030801,#020901,#030d05,#0a100c,#0e100f,#0c0a0d,#090408,#0c110d,#151a16,#1c211d,#1b201c
#dde2de,#dde2de,#dde2de,#dee3df,#dee3df,#dfe4e0,#dfe4e0,#dfe4e0,#e0e5e1,#cdd2ce,#949995,#999e9a,#ccd1cd,#d8ddd9,#d3d8d4,#d3d8d4,#d8ddd9,#dce1dd,#e1e6e2,#e5eae6,#e5eae6,#e5eae6,#e4e9e5,#e5eae6,#e5eae6,#e5eae6,#e5eae6,#e5eae6,#e6ebe7,#e6ebe7,#e6ebe7,#e7ece8,#e4e9ec,#e3e7e6,#e8e9e4,#f1ede4,#9c9286,#4f3d2f,#40281c,#50332b,#5a3b36,#543532,#51342e,#573c33,#543d2f,#3c2a14,#38280e,#4e4023,#9c8f7e,#d3c6b5,#dccfbc,#ccbfac,#c9beaa,#d4c9b3,#e2dac3,#d8d0b9,#e6e0c8,#e4dec8,#eae5cf,#ded9c5,#c5c2af,#d4d1be,#e9e6d5,#dddac9,#dbd5c9,#a19d91,#6a6758,#4c493a,#646152,#6f6d60,#727063,#5f5f53,#424437,#2e2f27,#1f221b,#131510,#040905,#030706,#080c0d,#04080b,#030f0b,#000a06,#050a06,#191816,#322a28,#372d2b,#281e1c,#130e08,#080901,#030801,#000a01,#020c04,#080e0a,#0c0e0d,#0b0b0d,#09070a,#0d0f0c,#151714,#1a1c19,#191b18
#dde2de,#dde2de,#dde2de,#dee3df,#dee3df,#dfe4e0,#dfe4e0,#dfe4e0,#dee3df,#ccd1cd,#949995,#999e9a,#cdd2ce,#d8ddd9,#d3d8d4,#d2d7d3,#d8ddd9,#dce1dd,#e1e6e2,#e4e9e5,#e5eae6,#e4e9e5,#e4e9e5,#e4e9e5,#e4e9e5,#e4e9e5,#e5eae6,#e5eae6,#e5eae6,#e6ebe7,#e6ebe7,#e6ebe7,#e0e8eb,#e8eced,#eaebe5,#e1ddd2,#6a6152,#473626,#422c1e,#4e3227,#543530,#593a37,#5a3b38,#553a33,#493224,#39270f,#473819,#6a5d3a,#89755c,#a38f74,#a69277,#ac9b7d,#af9e80,#a8997a,#b7a889,#c0b393,#c6bb9b,#cabfa1,#c6bda0,#bcb599,#aea68f,#a29a85,#b1ab95,#d1cab7,#bab3a3,#b2ab9b,#a39c8c,#8e8878,#938e7b,#9e9b8a,#9f9c8b,#8e8d7b,#606151,#3d3d31,#212318,#13140e,#070904,#060805,#080a09,#020607,#010d0b,#000908,#070908,#1b1716,#2f2725,#342828,#251b19,#120d09,#090803,#030801,#000901,#000a02,#050b07,#080c0b,#0a0a0a,#0a080b,#111310,#171916,#1a1c19,#181a17
#dde2de,#dde2de,#dde2de,#dee3df,#dee3df,#dfe4e0,#dfe4e0,#dfe4e0,#dde2de,#cbd0cc,#929793,#989d99,#cbd0cc,#d6dbd7,#d1d6d2,#d0d5d1,#d7dcd8,#dbe0dc,#e1e6e2,#e4e9e5,#e4e9e5,#e4e9e5,#e4e9e5,#e4e9e5,#e4e9e5,#e4e9e5,#e4e9e5,#e5eae6,#e5eae6,#e5eae6,#e6ebe7,#e6ebe7,#e1e9ec,#eff5f5,#edf0e9,#cccabd,#483f2e,#453623,#473221,#4c3126,#553631,#5d3e3c,#5c3d3b,#52352f,#432c1c,#3a290f,#514320,#7a6d43,#856d49,#8c7450,#8b734d,#a48e67,#b09a73,#99865c,#97845c,#9b8961,#a2936c,#b1a17d,#a79877,#aa9d7d,#a99b80,#6b5f45,#5b4f37,#a29680,#8e8574,#89806f,#7b7360,#7b7360,#837c69,#928b78,#999480,#a19e8b,#706f5d,#454334,#222216,#15170c,#0b0c06,#060604,#050706,#010302,#00080a,#030909,#0b0b0d,#191315,#251b1c,#271b1b,#1e1311,#140c09,#0a0904,#040902,#000800,#000800,#020804,#050908,#0a0a0a,#0c0a0d,#191b18,#1d1f1c,#1d1f1c,#191b18
#dde2de,#dde2de,#dde2de,#dee3df,#dee3df,#dfe4e0,#dfe4e0,#dfe4e0,#dde2de,#c9ceca,#909591,#949995,#c7ccc8,#d2d7d3,#cdd2ce,#ccd1cd,#d7dcd8,#dbe0dc,#e0e5e1,#e3e8e4,#e4e9e5,#e3e8e4,#e3e8e4,#e4e9e5,#e3e8e4,#e4e9e5,#e4e9e5,#e4e9e5,#e5eae6,#e5eae6,#e5eae6,#e5eae6,#dde6eb,#e7f0ef,#e9ece5,#bebcad,#413a27,#453621,#432e1d,#4a2f24,#523330,#563637,#513132,#4b3029,#4d3626,#514024,#655730,#83764a,#9b7e52,#a18458,#917448,#967b4c,#a28758,#998151,#96804f,#8f794a,#968154,#ab986e,#a5936b,#b09e7a,#ae9e7d,#59482c,#261600,#5e4e35,#a29582,#837663,#504531,#554a34,#665e47,#706851,#767058,#a09b85,#6c6a55,#413e2b,#232112,#1a1a0e,#101008,#060702,#050503,#030303,#03080b,#0a0b0f,#110f12,#1c1316,#201416,#211313,#1c1010,#170f0c,#0c0b06,#060b04,#000a02,#000800,#000803,#050908,#0c0e0d,#0f0f0f,#212320,#222421,#20221f,#1b1d1a
#dde2de,#dde2de,#dde2de,#dee3df,#dee3df,#dfe4e0,#dfe4e0,#dfe4e0,#dde2de,#c8cdc9,#8d928e,#909591,#c2c7c3,#cdd2ce,#c9ceca,#c9ceca,#d6dbd7,#dbe0dc,#e0e5e1,#e3e8e4,#e4e9e5,#e3e8e4,#e3e8e4,#e3e8e4,#e3e8e4,#e3e8e4,#e4e9e5,#e4e9e5,#e4e9e5,#e5eae6,#e5eae6,#e5eae6,#dde6eb,#dae2e4,#e3e8e1,#c2c3b3,#5b553f,#4a3e26,#3f2a17,#50352a,#4e312d,#523233,#492b2b,#452925,#4f3828,#5d4c2e,#74673d,#908454,#b69665,#bd9d6a,#a1814e,#937541,#957743,#937843,#9c834d,#97804c,#9d8654,#b19b6c,#b7a277,#b8a57d,#ad9976,#715e3e,#372308,#2e1a00,#867764,#91856f,#61553f,#4d4129,#4c4229,#4e472d,#4f482e,#878169,#5d5842,#35331e,#1f1e0c,#211f12,#15150b,#090803,#060702,#070705,#090d10,#111015,#1a1519,#24191f,#28191e,#27171a,#231515,#1d1311,#11100b,#0c0f08,#040e06,#010b03,#010a05,#070d0b,#0f1110,#151515,#232522,#242623,#20221f,#1b1d1a
#dde2de,#dde2de,#dde2de,#dee3df,#dee3df,#dfe4e0,#dfe4e0,#dfe4e0,#dde2de,#c8cdc9,#8c918d,#8d928e,#bfc4c0,#cacfcb,#c6cbc7,#c7ccc8,#d6dbd7,#dadfdb,#e0e5e1,#e3e8e4,#e3e8e4,#e3e8e4,#e3e8e4,#e3e8e4,#e3e8e4,#e3e8e4,#e3e8e4,#e4e9e5,#e4e9e5,#e5eae6,#e5eae6,#e5eae6,#e5eef3,#d7dfe1,#e7ece5,#d5d6c6,#7f7963,#584c34,#412f1b,#5e4338,#6d504c,#725253,#674949,#593d39,#5a4333,#69583a,#887b51,#aca070,#bd9c67,#c5a46f,#b2915b,#aa8b54,#a1824b,#8f723a,#957b42,#9c834b,#a88e5b,#b59d6d,#c4ad81,#baa47b,#a58e6c,#917c5d,#614c2f,#1f0a00,#2f200b,#958671,#8f8069,#5c5038,#41351b,#483e23,#474024,#7f795f,#4f4b32,#2d2814,#1e1b0a,#242215,#19190f,#0a0904,#080703,#0b0b09,#101116,#151419,#201920,#2b1e25,#322127,#302023,#291b1b,#211715,#16130e,#0f120b,#071109,#030d05,#030c07,#090f0d,#131514,#191919,#232522,#232522,#1f211e,#1a1c19
#dee0dd,#dee0dd,#dee0dd,#dfe1de,#dfe1de,#e0e2df,#e0e2df,#e0e2df,#dee0dd,#c6c8c5,#8a8c89,#929491,#c6c8c5,#ced0cd,#c9cbc8,#caccc9,#d4d6d3,#d9dbd8,#e0e2df,#e4e6e3,#e6e8e5,#e6e8e5,#e6e8e5,#e6e8e5,#e5e7e4,#e5e7e4,#e5e7e4,#e5e7e4,#e5e7e4,#e5e7e4,#e5e7e4,#e5e7e4,#dbe1dd,#e1e7e3,#ecf1ea,#dfe0d8,#bdbbaf,#6a6454,#302815,#695e48,#807258,#65553b,#514024,#5e4d2f,#514022,#7e6b4b,#a39070,#baaa89,#bdb591,#bab28d,#b4ab84,#aa9e76,#9f9268,#98875c,#8e7d51,#887648,#a18f61,#c4b387,#c2b186,#b7aa80,#a3976f,#867d56,#6c643f,#38300c,#170c00,#635846,#88806d,#958c7b,#726958,#423b29,#504937,#5b5643,#423c2c,#201d0c,#1f1c0b,#2a2917,#1e1d0b,#141301,#131404,#0d0e00,#1e201b,#21241d,#262920,#292c21,#2a2e20,#282c1d,#252817,#232615,#1b1e0d,#161908,#0f1103,#0b0b01,#0d0d05,#14130e,#1d1c18,#242321,#172224,#172224,#152022,#131e20
#dee0dd,#dee0dd,#dee0dd,#dfe1de,#dfe1de,#dfe1de,#e0e2df,#e0e2df,#dfe1de,#c6c8c5,#8b8d8a,#929491,#c6c8c5,#d0d2cf,#caccc9,#cbcdca,#d4d6d3,#d9dbd8,#e0e2df,#e4e6e3,#e6e8e5,#e5e7e4,#e5e7e4,#e5e7e4,#e5e7e4,#e5e7e4,#e5e7e4,#e5e7e4,#e5e7e4,#e5e7e4,#e5e7e4,#e5e7e4,#e2e8e4,#dfe5e1,#e3e8e1,#e4e5dd,#e3e1d5,#a6a090,#59513e,#645943,#66583e,#4d3d23,#47361a,#615032,#59482a,#857456,#ac9c7b,#c1b190,#b6b08e,#c4bb9a,#ccc29f,#c4b794,#aea07b,#9b8c65,#95835b,#958459,#a29166,#cdbb93,#dccda6,#d7c9a4,#aa9d7a,#756b48,#69603f,#595331,#251a08,#423725,#6e6351,#827a67,#867e6b,#817966,#6d6654,#605947,#514c39,#342f1c,#2f2a17,#33301d,#25220f,#1c1906,#1f1c09,#1e1b08,#1d1d13,#202016,#252519,#292a1c,#2a2b1b,#2c2b19,#292814,#282713,#262511,#22210d,#1e1d0b,#1d1a0b,#1e1a0f,#201c13,#201b15,#201b15,#1c2220,#1c2220,#1c2220,#1c2220
#dee0dd,#dee0dd,#dee0dd,#dee0dd,#dfe1de,#dfe1de,#dfe1de,#e0e2df,#dfe1de,#c7c9c6,#8c8e8b,#939592,#c8cac7,#d1d3d0,#cccecb,#cdcfcc,#d4d6d3,#d9dbd8,#e0e2df,#e4e6e3,#e5e7e4,#e5e7e4,#e5e7e4,#e5e7e4,#e4e6e3,#e4e6e3,#e4e6e3,#e4e6e3,#e4e6e3,#e4e6e3,#e4e6e3,#e4e6e3,#e1e7e3,#dde3df,#dbe0d9,#e1e2da,#f5f3e7,#d6d0c0,#857d6a,#645943,#61523b,#4c3c22,#524326,#6d5c3e,#69583a,#948365,#bbaa8c,#c5b496,#bcb599,#cac3a7,#d9d0b3,#d2c7a9,#bbae8e,#a09170,#90805e,#8c7c5a,#948462,#c5b593,#e1d2b1,#dccfaf,#b0a587,#7e7558,#686145,#575034,#4f4432,#2c210f,#4c412f,#635846,#766b59,#908573,#847c67,#89816c,#3e3621,#2c240f,#2b230e,#312b15,#2c2610,#2b250f,#36301a,#3c3620,#474030,#4a4331,#504936,#57513b,#5c563e,#605a42,#615b41,#635c42,#676046,#635c42,#5e563f,#5c543f,#59503f,#504738,#43392d,#392f23,#25251d,#212119,#1c1c14,#1b1b13
#dddfdc,#dddfdc,#dee0dd,#dee0dd,#dee0dd,#dfe1de,#dfe1de,#dfe1de,#dfe1de,#c7c9c6,#8c8e8b,#949693,#c9cbc8,#d3d5d2,#ced0cd,#cfd1ce,#d4d6d3,#d9dbd8,#e0e2df,#e4e6e3,#e5e7e4,#e4e6e3,#e4e6e3,#e4e6e3,#e3e5e2,#e3e5e2,#e3e5e2,#e3e5e2,#e3e5e2,#e3e5e2,#e3e5e2,#e3e5e2,#dde3df,#e4eae6,#e1e6df,#dcddd5,#e8e6da,#e0daca,#a59e8b,#726751,#564a32,#4e4025,#594a2d,#67563a,#6e5d41,#a08f71,#c7b698,#c1b293,#d0c9b6,#d1cab7,#d3cbb6,#d2c7b1,#c2b69e,#a89a80,#8d7f64,#7e6e54,#aa9a80,#ccbea3,#d7c9af,#c5b9a1,#bbb09a,#b6ae99,#9b9481,#6f6855,#504330,#251805,#4c3f2c,#7a6d5a,#796c59,#726650,#756953,#867a64,#52462e,#4f432b,#574b31,#62563c,#665a40,#6b5f45,#766b4f,#807559,#887a60,#8a7c62,#8f7f65,#938467,#978869,#9a8b6c,#9c8d6c,#9d8e6d,#a19271,#9d8e6f,#998a6d,#99896f,#96866d,#8b7b64,#796854,#6b5a46,#4c4334,#3e3526,#2d2415,#22190a
#dddfdc,#dddfdc,#dddfdc,#dee0dd,#dee0dd,#dee0dd,#dfe1de,#dfe1de,#dee0dd,#c6c8c5,#8c8e8b,#949693,#caccc9,#d4d6d3,#cfd1ce,#d1d3d0,#d5d7d4,#d9dbd8,#dfe1de,#e3e5e2,#e4e6e3,#e3e5e2,#e3e5e2,#e3e5e2,#e3e5e2,#e3e5e2,#e3e5e2,#e3e5e2,#e3e5e2,#e3e5e2,#e3e5e2,#e3e5e2,#dde3df,#eaefe9,#eaede6,#dfe0d8,#e1dfd3,#e5dfd1,#bfb8a5,#7e735f,#52462e,#5b4d33,#66563c,#68593c,#86775a,#bdae91,#decfb2,#d1c2a5,#d0cabc,#cac4b6,#c8c1b1,#cac1b0,#c1b8a7,#aea391,#9b8e7b,#8f826f,#beb19e,#c4b7a4,#b7ac9a,#978e7d,#958c7b,#a7a090,#9f998b,#8a8476,#564936,#3e311e,#4a3d2a,#796d57,#766752,#65563f,#77694f,#6f5f46,#87775d,#918064,#99886c,#a08f71,#a79474,#a69373,#a79474,#ad9a7a,#ad9676,#ab9472,#a99270,#a7916c,#a58f6a,#a38d66,#a38d66,#a28c65,#a28c65,#9f8964,#9f8866,#a38c6c,#a89172,#a48c70,#998165,#8f775d,#83715b,#72604a,#5b4933,#4a3822
#dcdedb,#dddfdc,#dddfdc,#dddfdc,#dee0dd,#dee0dd,#dee0dd,#dee0dd,#dddfdc,#c5c7c4,#8b8d8a,#949693,#caccc9,#d4d6d3,#d0d2cf,#d2d4d1,#d5d7d4,#d9dbd8,#dfe1de,#e3e5e2,#e4e6e3,#e3e5e2,#e2e4e1,#e2e4e1,#e2e4e1,#e2e4e1,#e2e4e1,#e2e4e1,#e2e4e1,#e2e4e1,#e2e4e1,#e2e4e1,#dbe1dd,#e1e6e0,#e1e4dd,#e2e4d9,#e3e1d5,#ede7d9,#cfc8b6,#7e735f,#5d5139,#6e6046,#716348,#716147,#a39379,#beb095,#c4b69b,#b8aa8f,#99958a,#9c958b,#a49e92,#b1a99e,#b2aa9d,#ada495,#aca394,#b2a99a,#afa697,#a39a8b,#999081,#756d60,#50483d,#403a2e,#443d33,#5e5a4f,#6d604d,#5e4f3a,#42331e,#594a33,#6b5b44,#78684f,#8b7a60,#645035,#978466,#a79273,#ac9575,#ab9472,#b19975,#ad9571,#a68c67,#a98f6a,#ac9069,#aa8e67,#a68a62,#a2865e,#a0845c,#9e865a,#9f875b,#a0885c,#9c835a,#998057,#987f57,#9a805b,#9f8562,#9f8564,#9a805f,#957a5c,#977f63,#8e765a,#836b4f,#7b6347
#dcded9,#dcded9,#dddfda,#dddfda,#dddfda,#dee0db,#dee0db,#dee0db,#dbddd8,#c4c6c1,#8a8c87,#939590,#c9cbc6,#d4d6d1,#d0d2cd,#d2d4cf,#d5d7d2,#d9dbd6,#dfe1dc,#e3e5e0,#e3e5e0,#e2e4df,#e1e3de,#e1e3de,#e1e3de,#e1e3de,#e1e3de,#e1e3de,#e1e3de,#e1e3de,#e1e3de,#e1e3de,#dbe1dd,#d8ddd7,#d8dbd4,#e3e5da,#e0ded2,#e9e3d5,#d7d0be,#847965,#61553f,#6c6048,#6a5c42,#6e6045,#a7997e,#8c7e63,#67593e,#5f5438,#4c483d,#4e4a3f,#615d52,#827e72,#9e988c,#aca69a,#b7b1a3,#c3bbae,#b3ab9e,#999385,#8c867a,#5f594d,#282418,#0d0900,#0f0b00,#3b372c,#6b5c47,#5b4c37,#4c3d26,#5b4b34,#736149,#7e6d53,#796648,#665132,#9d8666,#ae9674,#aa906b,#a48861,#ad9068,#ac8f67,#a6865d,#aa8a61,#a6895f,#a4875d,#a08357,#9d8054,#9d8054,#9e8356,#a1865b,#a3885d,#9e8358,#9b7f57,#967a53,#947851,#937752,#8f7552,#8d7350,#8b714e,#876c4e,#886d4f,#8a6f51,#8d7254
#dcded9,#dcded9,#dcded9,#dddfda,#dddfda,#dee0db,#dee0db,#dee0db,#dbddd8,#c3c5c0,#898b86,#92948f,#c9cbc6,#d4d6d1,#d0d2cd,#d2d4cf,#d5d7d2,#d9dbd6,#dfe1dc,#e3e5e0,#e3e5e0,#e2e4df,#e1e3de,#e1e3de,#e1e3de,#e1e3de,#e1e3de,#e1e3de,#e1e3de,#e1e3de,#e1e3de,#e1e3de,#e2e7e1,#dce1db,#dcdfd8,#e7e9de,#dad8cc,#dddacb,#ddd6c4,#928a75,#6f644e,#73674f,#6c6046,#7b6f55,#b5a98f,#6f6349,#291d03,#2a1e04,#1a180b,#151306,#2a261a,#5e5a4e,#959185,#b2afa0,#bcb9aa,#bebbac,#c0bdae,#979485,#716e5f,#332f23,#120e02,#1a160a,#222013,#434134,#7d6e59,#564732,#52422b,#514128,#58472d,#5b472c,#5f4a2d,#988161,#a68c6b,#b69a75,#aa8c66,#9d7d54,#a8875c,#aa895c,#a48255,#aa885b,#a88b5f,#a4875b,#9d8054,#967b50,#92774c,#91764b,#92764e,#91784f,#8c734b,#897048,#866c47,#826845,#7f6743,#7e6644,#7f6745,#7f6745,#7a6143,#7d6446,#806749,#836a4c
#d6d8d3,#d7d9d4,#d9dbd6,#dadcd7,#dcded9,#dcded9,#dddfda,#dddfda,#dbddd8,#c0c2bd,#878984,#939590,#c8cac5,#cfd1cc,#c9cbc6,#ced0cb,#d2d4cf,#d7d9d4,#dddfda,#e1e3de,#e2e4df,#e1e3de,#e1e3de,#e1e3de,#e2e4df,#e2e4df,#e2e4df,#e1e3de,#e1e3de,#dfe1dc,#dee0db,#dddfda,#d8ddd7,#dee3dd,#e1e4dd,#d8dacf,#dbd9cc,#e6e3d4,#d1cab8,#a19986,#80755f,#7f755c,#81755d,#8c8068,#9b9178,#978d74,#746a51,#4f452c,#232210,#191806,#232210,#4f4e3c,#888775,#b2b0a1,#c6c4b5,#cdcbbc,#cbc9ba,#b0ae9f,#7d7b6c,#363523,#111000,#0e0d00,#2c2b19,#706f5d,#7b6c57,#655641,#66563f,#56442c,#564229,#675237,#6e5738,#8d7553,#a18764,#a58761,#aa8a63,#ab8a5f,#a88659,#a37e51,#a17c4f,#a27e4e,#9e865a,#977f53,#8d744b,#866d44,#886f47,#8b734d,#876f49,#7f6743,#7e6745,#7c6543,#776040,#6d5938,#655031,#624d2e,#655031,#695435,#695437,#695437,#6a5538,#6b5639
#d4d7d0,#d5d8d1,#d7dad3,#d9dcd5,#daddd6,#dbded7,#dbded7,#dbded7,#d8dbd4,#bec1ba,#848780,#90938c,#c6c9c2,#cccfc8,#c7cac3,#cbcec7,#d1d4cd,#d5d8d1,#dbded7,#dee1da,#dfe2db,#dfe2db,#dfe2db,#e0e3dc,#e0e3dc,#e1e4dd,#e1e4dd,#e0e3dc,#e0e3dc,#dee1da,#dde0d9,#dcdfd8,#dde2dc,#dee3dc,#dfe2d9,#dbdbd1,#dedccf,#e7e4d5,#d4cdbb,#a9a18e,#908571,#938872,#968b75,#968c73,#958b72,#8e866f,#847c65,#7b735c,#787661,#605e49,#52513d,#6a6955,#999884,#bfc0ae,#d4d5c3,#dbdcca,#cdcebc,#c6c7b5,#a5a694,#64634f,#494834,#575642,#5a5843,#65634e,#7a6b56,#6a5b46,#706049,#66543c,#604f35,#665136,#60492a,#735b39,#937956,#9d7f59,#a2825b,#a07f54,#9c7a4d,#9d784b,#a17c4f,#a48050,#957e55,#8f784f,#846c46,#77613a,#755f3a,#796240,#786443,#756041,#705d3f,#6c583d,#645337,#5d4c30,#57462c,#54442a,#55452b,#57472d,#59482e,#5a492f,#5a492f,#5b4a30
#d3d6cf,#d4d7d0,#d5d8d1,#d7dad3,#d8dbd4,#d9dcd5,#d9dcd5,#d9dcd5,#d5d8d1,#babdb6,#81847d,#8d9089,#c3c6bf,#cacdc6,#c4c7c0,#c9ccc5,#d0d3cc,#d3d6cf,#d8dbd4,#dbded7,#dbded7,#dcdfd8,#dee1da,#dfe2db,#dfe2db,#dfe2db,#dfe2db,#dfe2db,#dee1da,#dcdfd8,#dbded7,#daddd6,#dfe4de,#dcdfd8,#daddd4,#dadad0,#dedccf,#e2dfd0,#d1cab8,#aca592,#98907b,#9b907a,#9b907a,#968e77,#8f8770,#89816a,#8a846e,#908a74,#8b8972,#7b7964,#76745f,#8e8d79,#b6b5a1,#cfd0be,#d4d5c3,#ced1be,#d9dcc9,#d1d2c0,#c0c1af,#8a8975,#696854,#76745f,#72705b,#67654e,#7b6c57,#6c5d48,#706049,#6b5b42,#65543a,#5f4b30,#533e21,#5d4626,#7a603f,#8e724d,#9c7e58,#9b7b52,#97764b,#9a784b,#9e7c4f,#9f7d4f,#8b754e,#87714c,#796540,#685431,#5f4a2b,#5f4c2e,#655136,#66553b,#67553d,#61513a,#5a4a33,#53442d,#4f4029,#4c4028,#4c4028,#4b3f27,#4b3c25,#4b3c25,#4b3c25,#4b3c25
#d3d6cf,#d4d7d0,#d5d8d1,#d6d9d2,#d7dad3,#d8dbd4,#d8dbd4,#d8dbd4,#d2d5ce,#b8bbb4,#7f827b,#8b8e87,#c1c4bd,#c8cbc4,#c3c6bf,#c8cbc4,#cfd2cb,#d2d5ce,#d5d8d1,#d7dad3,#d8dbd4,#daddd6,#dcdfd8,#dee1da,#dde0d9,#dde0d9,#dde0d9,#dde0d9,#dcdfd8,#dbded7,#d9dcd5,#d9dcd5,#dadfd9,#d4d7d0,#d4d5cd,#d8d8ce,#dbd9cc,#dad7c8,#c6c1ae,#a59e8b,#9c947f,#938b76,#8f8772,#938b76,#948e78,#8e8872,#857f69,#817c66,#847f6b,#898470,#9a9883,#bbbaa6,#dbdac8,#e5e6d6,#dbdecd,#ced0c2,#e0e2d4,#c8cbba,#cbccbc,#afae9c,#7a7965,#676550,#696450,#76715d,#7f705b,#6c5d48,#62533e,#605039,#5d4b33,#544329,#513e20,#5b4425,#5e4526,#7c623f,#977b56,#9c7e58,#987b53,#9a7a51,#997a4e,#96754a,#856f4a,#856f4a,#796542,#655130,#544123,#523e23,#55432b,#594731,#604f3b,#594a37,#51422f,#4b3e2b,#4a3d2a,#493e2a,#473c28,#453a24,#443923,#443923,#433822,#433822
#d3d6cf,#d4d7d0,#d5d8d1,#d7dad3,#d7dad3,#d7dad3,#d7dad3,#d7dad3,#d2d5ce,#b7bab3,#7e817a,#8b8e87,#c1c4bd,#c8cbc4,#c3c6bf,#c8cbc4,#ced1ca,#d1d4cd,#d4d7d0,#d7dad3,#d8dbd4,#d9dcd5,#dbded7,#dde0d9,#dcdfd8,#dcdfd8,#dcdfd8,#dbded7,#dbded7,#d9dcd5,#d8dbd4,#d7dad3,#d7dad3,#d1d4cd,#d3d4cc,#d8d8ce,#dad8cb,#d7d4c5,#c0baaa,#9c9582,#9f9784,#968e79,#908873,#958f79,#9b957f,#95907c,#8a8571,#817c68,#928b79,#a09987,#b6b0a0,#ccc9ba,#dddbce,#e0e0d4,#d9dbce,#d1d3c8,#d8dacf,#c0c2b5,#d1d1c5,#c9c7ba,#979485,#736d5d,#6b6452,#7b7462,#817461,#6a5d4a,#564732,#574831,#57472e,#4f3e24,#544025,#5a4729,#4f3a1b,#6b5434,#866e4c,#907653,#907651,#92764f,#90744c,#8c6f47,#836b45,#846e49,#7d6644,#6b5435,#594427,#523c24,#513c27,#4f3d29,#554231,#4e3d2d,#473727,#443424,#423524,#433623,#403521,#3e331f,#453a24,#453a24,#443923,#433822
#d3d6cd,#d4d7ce,#d5d8cf,#d6d9d0,#d7dad1,#d6d9d0,#d6d9d0,#d6d9d0,#d1d4cb,#b7bab1,#7d8077,#8a8d84,#c1c4bb,#c8cbc2,#c3c6bd,#c8cbc2,#ced1c8,#d1d4cb,#d5d8cf,#d8dbd2,#d9dcd3,#daddd4,#dbded5,#dde0d7,#dbded5,#dbded5,#dbded5,#dbded5,#daddd4,#d9dcd3,#d8dbd2,#d7dad1,#d6d9d2,#d4d7d0,#d8d9d1,#dbdbd1,#dddbce,#dcd9ca,#c4beae,#9b9482,#9b9481,#9c947f,#98927c,#948e78,#948f7b,#999480,#9c9783,#989681,#9d9387,#b0a89b,#c6c0b4,#d3cfc4,#d6d3ca,#d2d2ca,#cbccc6,#c5c6c1,#c4c5c0,#b8b9b3,#bfbfb7,#b0ada4,#99958a,#918b7f,#80786b,#7e7468,#7f725f,#685b48,#4d412b,#584934,#5a4b34,#4d3d24,#524127,#524125,#503d1f,#5c4728,#6c5837,#7a6341,#816947,#836b47,#836b47,#836b45,#7d643c,#7f6540,#7b613e,#6e5536,#62482d,#5a422a,#523c27,#4d3624,#4d3827,#483526,#433222,#413020,#403020,#41321f,#403320,#3f321f,#473b25,#473b25,#473b25,#463a24
#d2d5cc,#d3d6cd,#d3d6cd,#d4d7ce,#d5d8cf,#d4d7ce,#d4d7ce,#d4d7ce,#cfd2c9,#b5b8af,#7c7f76,#898c83,#bfc2b9,#c7cac1,#c2c5bc,#c7cac1,#ced1c8,#d2d5cc,#d7dad1,#dbded5,#dcdfd6,#dcdfd6,#dcdfd6,#dcdfd6,#dbded5,#dbded5,#dbded5,#dbded5,#daddd4,#d9dcd3,#d8dbd2,#d7dad1,#d5d8d1,#d9dcd5,#ddded6,#dadad0,#dddbce,#e5e2d3,#cec8b8,#a29b89,#948d7a,#9b9481,#98927c,#8e8774,#928d79,#a6a18d,#b0ad9a,#afac99,#b7ada4,#cbc1b8,#ded5ce,#e4ddd7,#e0dbd8,#d6d5d3,#cccbc9,#c1c1c1,#a3a3a3,#aaa9a7,#a9a8a6,#95908d,#99928c,#a49b94,#8e847b,#82786f,#766956,#605340,#423522,#51452f,#5a4b36,#493a23,#514128,#4e3e24,#534226,#513e20,#584525,#6c5738,#776342,#78613f,#765f3d,#796240,#755830,#755731,#715530,#6c4f2f,#664b2e,#61472e,#573c27,#4c3221,#493222,#483322,#453223,#443120,#42311f,#42311f,#443520,#463722,#4a3e26,#493d25,#493d25,#493d25
#d0d3ca,#d1d4cb,#d2d5cc,#d3d6cd,#d3d6cd,#d3d6cd,#d2d5cc,#d2d5cc,#ced1c8,#b4b7ae,#7b7e75,#888b82,#bec1b8,#c6c9c0,#c1c4bb,#c6c9c0,#ced1c8,#d2d5cc,#d9dcd3,#dde0d7,#dee1d8,#dde0d7,#dde0d7,#dcdfd6,#dbded5,#dbded5,#dcdfd6,#dbded5,#daddd4,#d9dcd3,#d8dbd2,#d7dad1,#d4d7d0,#dbded7,#ddded6,#d7d7cd,#dcdacd,#e9e6d7,#d6d0c0,#a7a08e,#928b78,#98917e,#938c79,#8c8572,#9c9783,#bcb7a3,#c4c1ae,#b8b5a2,#d7cac4,#ded3cf,#e1d8d3,#dad2d0,#d1cbcb,#ccc8c9,#c2c0c3,#b9b9bb,#838385,#9b999c,#aca8a9,#a59f9f,#b1a9a7,#aea5a0,#8a7f7b,#867973,#6f624f,#574a37,#352815,#483c26,#544530,#45361f,#514329,#504027,#534228,#48371b,#513e20,#6b5838,#7b6848,#756140,#6c5837,#6d5938,#6e4e27,#6a4d25,#674925,#664728,#67492d,#644830,#5a3e29,#4c311e,#452b1a,#452e1e,#45301f,#442f1e,#402d1c,#402f1b,#44331f,#483821,#4e4026,#4e4026,#4e4026,#4e4026
#d2d4c7,#d2d4c7,#d2d4c7,#d2d4c7,#d2d4c7,#d2d4c7,#d2d4c7,#d2d4c7,#d0d2c5,#afb1a4,#7b7d70,#8f9184,#c0c2b5,#c6c8bb,#c4c6b9,#c6c8bb,#cbccc4,#d1d2ca,#d8d9d1,#dbdcd4,#dadbd3,#d9dad2,#dadbd5,#dcddd7,#dbdcd6,#dbdcd7,#dbdcd7,#dadbd6,#dadbd6,#d9dad5,#d9d9d7,#d9d9d7,#d6e0d8,#d4ddd8,#d3d8d4,#e3e4df,#dddad5,#e1dad0,#e1d8c9,#a49983,#877e61,#a9a07f,#928a66,#8b8565,#a9a38b,#9d9a89,#9c9990,#c1beb9,#d9d3c5,#d3cfc3,#d8d6ca,#d2d2ca,#b3b4af,#969895,#8a8e8f,#878c8f,#797e81,#65696a,#787a79,#898987,#84837f,#98958e,#9b978e,#6f6860,#43331a,#3a2a11,#3e2e15,#4f3f26,#55452c,#4c3c23,#4a3a21,#514128,#4f3f26,#4c3c23,#4b3b22,#514128,#5b4b32,#605037,#5e4e35,#5a4a31,#574328,#564227,#564229,#59452d,#5b4631,#54422e,#4a3726,#412e1d,#413020,#3e2d1d,#3c2b19,#3d2c1a,#41321d,#463722,#493a23,#4a3b24,#4b3b22,#4d3d24,#504027,#514128
#d1d3c6,#d1d3c6,#d1d3c6,#d1d3c6,#d1d3c6,#d1d3c6,#d1d3c6,#d1d3c6,#ced0c3,#adafa2,#7a7c6f,#8d8f82,#bec0b3,#c4c6b9,#c3c5b8,#c4c6b9,#cbcdc2,#d1d2ca,#d8d9d1,#dbdcd4,#dadbd3,#d9dad2,#dadbd5,#dcddd7,#dbdcd6,#dbdcd6,#dbdcd7,#dadbd6,#dadbd6,#d9dad5,#d9d9d7,#d9d9d7,#d5dfd7,#d4ddd8,#d4d9d5,#e2e3de,#dddad5,#e1dad0,#e0d7c8,#a89d87,#675e3f,#908864,#978f6b,#898363,#817b63,#5c5948,#59564d,#9a9792,#c1bbad,#d3cfc3,#dddbcf,#c9c9c1,#a5a6a1,#828481,#6d7172,#696d6e,#818588,#5e6263,#535554,#464644,#3a3934,#605d56,#7f7b72,#696258,#413118,#392910,#3d2d14,#4e3e25,#54442b,#4d3d24,#4b3b22,#53432a,#4f3f26,#4b3b22,#493920,#4d3d24,#55452c,#594930,#56462d,#514128,#554126,#544025,#544027,#57432b,#58432e,#52402c,#483524,#402d1c,#402f1f,#3f2e1e,#3f2e1c,#41301e,#443520,#493a25,#4b3c25,#4b3c25,#4b3b22,#4e3e25,#514128,#524229
#cfd1c4,#cfd1c4,#cfd1c4,#cfd1c4,#cfd1c4,#cfd1c4,#cfd1c4,#cfd1c4,#cccec1,#abada0,#787a6d,#8b8d80,#bcbeb1,#c3c5b8,#c1c3b6,#c2c4b7,#cbcdc2,#d1d3c8,#d7d8d0,#dadbd3,#dadbd3,#d9dad2,#dadbd3,#dcddd7,#dadbd5,#dadbd5,#dadbd6,#dadbd6,#d9dad5,#d9dad5,#d9dad5,#d9dad5,#d4ded6,#d6ddd6,#d6dbd7,#dfe0db,#dcd9d4,#e2dbd1,#dcd3c4,#aba08a,#5e5335,#776d4a,#9a926e,#938d6d,#777159,#3f3929,#27231a,#726f6a,#afa99b,#c1bbaf,#bcb8ad,#a8a59e,#8b8a85,#5c5c5a,#3a3c3b,#393d3e,#4c5051,#37383a,#2b2b2b,#181715,#100d08,#3e3933,#686157,#5a5349,#44341b,#3d2d14,#403017,#4d3d24,#524229,#4b3b22,#4a3a21,#514128,#514128,#4c3c23,#493920,#4b3b22,#504027,#524229,#4e3e25,#4a3a21,#513e20,#503c21,#513d22,#533f26,#513f27,#4e3c26,#463420,#3f2c1b,#402f1d,#402f1d,#42311f,#453621,#4a3b26,#4d3e27,#4d3e27,#4b3c25,#4b3b22,#4e3e25,#514128,#53432a
#cfd1c4,#cfd1c4,#cfd1c4,#cfd1c4,#cfd1c4,#cfd1c4,#cfd1c4,#cfd1c4,#cccec1,#aaac9f,#77796c,#8b8d80,#bcbeb1,#c2c4b7,#c0c2b5,#c2c4b7,#caccc1,#d0d2c7,#d7d9ce,#dadcd1,#d9dad2,#d8d9d1,#d9dad2,#dbdcd6,#dadbd5,#d9dad4,#d9dad4,#d9dad5,#d9dad5,#d9dad5,#d9dad5,#d9dad5,#d3ddd5,#d5dcd5,#d7dcd6,#dbdcd7,#dcd9d4,#e3dcd2,#d3cab9,#a99e88,#706547,#5f5532,#877f5b,#989272,#8f8971,#5b5545,#201c13,#4d4a45,#aaa496,#a6a094,#8a867b,#7c7972,#72716c,#3f3f3d,#131313,#191a1c,#111214,#111113,#181816,#0f0e0a,#0f0c05,#3b372e,#5d564c,#4f493d,#4d3d24,#46361d,#48381f,#504027,#514128,#493920,#48381f,#4e3e25,#54442b,#504027,#4c3c23,#4c3c23,#4f3f26,#504027,#4d3d24,#493920,#4d3a1c,#4d3a1c,#4d391e,#4d3c22,#4d3b23,#4a3822,#44321e,#3e2d1b,#3f2e1c,#41301e,#453623,#4a3b26,#4f4029,#50412a,#4e4026,#4b3d23,#4b3b22,#4f3f26,#524229,#55452c
#cfd1c4,#cfd1c4,#cfd1c4,#cfd1c4,#cfd1c4,#cfd1c4,#cfd1c4,#cfd1c4,#cccec1,#aaac9f,#77796c,#8b8d80,#bcbeb1,#c2c4b7,#c0c2b5,#c2c4b7,#c8cabf,#ced0c5,#d5d7cc,#d8dacf,#d7d9ce,#d6d7cf,#d8d9d1,#dadbd3,#d8d9d3,#d9dad4,#d9dad4,#d9dad5,#d9dad5,#d9dad5,#d9dad5,#d9dad5,#d3ddd5,#d5dcd5,#d9ded8,#d7d8d3,#dddad3,#e3dcd2,#c5bcab,#9e947b,#817658,#4e4421,#69613d,#8b8565,#9e987e,#7c7666,#2c281d,#2b2620,#90887b,#989286,#7f786e,#656158,#605d58,#403c3b,#171516,#131114,#0f0d10,#121011,#171312,#0d0a05,#0f0a04,#383127,#565044,#50483b,#524229,#4d3d24,#4e3e25,#524229,#514128,#4b3b22,#4b3b22,#504027,#54442b,#504027,#4d3d24,#4c3c23,#4d3d24,#4e3e25,#4c3c23,#4a3a21,#4a3719,#4a3719,#49381c,#4a391f,#49371f,#47351f,#42321b,#3f2e1a,#41301c,#44331f,#493a25,#4f402b,#53442d,#52442a,#4c4026,#483c22,#4b3b22,#4f3f26,#54442b,#56462d
#cfd1c4,#cfd1c4,#cfd1c4,#cfd1c4,#cfd1c4,#cfd1c4,#cfd1c4,#cfd1c4,#cbcdc0,#aaac9f,#77796c,#8a8c7f,#bbbdb0,#c1c3b6,#c0c2b5,#c1c3b6,#c6c8bd,#cccec3,#d3d5ca,#d6d8cd,#d5d7cc,#d4d5cd,#d6d7cf,#d7d8d0,#d8d9d1,#d8d9d3,#d8d9d3,#d8d9d3,#d9dad4,#d9dad5,#d9dad5,#d9dad5,#d3ddd5,#d4dbd4,#dbddd8,#d4d5d0,#e0dbd5,#e4dbd2,#b4ab9a,#8e826a,#897e60,#514724,#5b512e,#7d7455,#958f75,#8d8875,#4a463b,#241f19,#524a3d,#827a6f,#857c73,#5d564e,#4b4642,#46413e,#2d2928,#181415,#181415,#181413,#191411,#140f0b,#1c150d,#3a3227,#50483b,#4e4737,#524229,#4f3f26,#504027,#524229,#514128,#4e3e25,#504027,#56462d,#524229,#4f3f26,#4b3b22,#493920,#4a3a21,#4a3a21,#493920,#48381f,#473716,#483719,#483719,#48371b,#47361c,#44341b,#42321b,#41301c,#463521,#483924,#4e3f2a,#54452e,#574831,#53472d,#4e4228,#493e22,#4b3b22,#4f3f26,#55452c,#58482f
#cdcfc2,#cdcfc2,#cdcfc2,#cdcfc2,#cdcfc2,#cdcfc2,#cdcfc2,#cdcfc2,#c9cbbe,#a8aa9d,#75776a,#888a7d,#b9bbae,#c0c2b5,#bec0b3,#bfc1b4,#c4c6b9,#caccbf,#d1d3c8,#d4d6cb,#d3d5ca,#d2d4c9,#d3d4cc,#d5d6ce,#d7d8d0,#d7d8d0,#d7d8d2,#d8d9d3,#d8d9d3,#d9dad4,#d9dad4,#d9dad5,#d7ded6,#d3dad3,#dbddd8,#d3d2cd,#e3ded8,#e3dbd0,#a69a8a,#7c7058,#827555,#534925,#4a401c,#625938,#7f785e,#938e7b,#726b61,#322d27,#23190d,#52483e,#685f56,#544b44,#413735,#403836,#372e2f,#251c1f,#1b1213,#1a1112,#1e1613,#271e19,#352c23,#463e31,#4e4536,#4b4231,#524229,#514128,#514128,#524229,#504027,#4e3e25,#524229,#57472e,#53432a,#504027,#4c3c23,#493920,#47371e,#46361d,#46361d,#46361d,#473716,#483719,#483719,#48371b,#45351b,#44341b,#44341d,#44331f,#4c3d28,#4e3f2a,#53442f,#574b33,#594d35,#564a30,#50442a,#4b4024,#4b3b22,#504027,#56462d,#594930
#cccec1,#cccec1,#cccec1,#cccec1,#cccec1,#cccec1,#cccec1,#cccec1,#c8cabd,#a6a89b,#737568,#87897c,#b7b9ac,#bec0b3,#bcbeb1,#bec0b3,#c3c5b8,#c9cbbe,#cfd1c4,#d2d4c7,#d2d4c9,#d1d3c8,#d2d4c9,#d4d5cd,#d7d8d0,#d7d8d0,#d7d8d0,#d8d9d3,#d8d9d3,#d9dad4,#d9dad4,#d9dad4,#d7ded6,#d4d9d2,#dbded7,#d2d1cc,#e4dfd9,#e3dbd0,#9d9280,#70644a,#6c5f3f,#473a17,#2e2400,#403716,#655e44,#918a78,#888276,#38332d,#1b1105,#251b0f,#3f352b,#4f443e,#443935,#382c2c,#362a2c,#35292b,#2a1e20,#241818,#231814,#30251f,#42382e,#4c4334,#4d4433,#4c4431,#55452c,#54442b,#54442b,#524229,#4e3e25,#4b3b22,#4e3e25,#53432a,#56462d,#53432a,#4e3e25,#4a3a21,#47371e,#46361d,#45351c,#45351c,#473618,#483719,#49381c,#47371d,#45351c,#44341d,#453420,#453621,#51422d,#53442f,#554933,#5a4e38,#5c5038,#594d33,#53472d,#4e4228,#4b3b22,#504027,#56462d,#5a4a31
#cdcfc2,#caccbf,#c9cbbe,#caccbf,#c8cabd,#c4c6b9,#c5c7ba,#caccbf,#c2c4b7,#a1a396,#6f7164,#838578,#b4b6a9,#babcaf,#b8baad,#b9bbae,#bdbfb2,#c2c4b7,#c9cbbe,#cccec1,#cccec1,#cdcfc4,#cfd1c6,#d2d4c9,#d3d5ca,#d3d4cc,#d4d5cd,#d5d6ce,#d5d6d0,#d5d6d0,#d5d6d0,#d4d5cf,#dbe2da,#cfd4cd,#dde0d9,#dad9d4,#dbd7ce,#e1d7cd,#a79c8a,#62543a,#564929,#645734,#281b00,#170c00,#534c30,#8e8774,#938d81,#5b544c,#2a1e12,#1c1004,#2a1d14,#382b25,#271916,#1b0b0b,#1e0e0f,#19090a,#211112,#1b0b0b,#1e0f0c,#2f221a,#44382c,#504434,#534836,#524733,#53432a,#514128,#514128,#53432a,#524229,#504027,#53432a,#594930,#55452c,#55452c,#514128,#4a3a21,#48381f,#493920,#47371e,#43331a,#403112,#433417,#46371a,#46361c,#43331a,#42321b,#453621,#4a3b28,#524330,#584b38,#5c4f3c,#5a4e38,#574b35,#544a31,#51472e,#4d4328,#4a3a21,#4f3f26,#57472e,#5c4c33
#bcbeb1,#babcaf,#b7b9ac,#b6b8ab,#b8baad,#bcbeb1,#c0c2b5,#c3c5b8,#bbbdb0,#999b8e,#65675a,#7a7c6f,#acaea1,#b2b4a7,#afb1a4,#b0b2a5,#b2b4a6,#b8baad,#bfc1b4,#c3c5b8,#c4c6b9,#c5c7ba,#c8cabf,#cbcdc2,#d0d2c7,#d0d2c7,#d2d3cb,#d3d4cc,#d4d5cd,#d4d5cd,#d3d4ce,#d3d4ce,#d6dcd2,#cbd0c9,#dadbd5,#d9d6cf,#ddd6ce,#e1d7cb,#a99c8b,#66583e,#635634,#675b35,#423610,#120800,#33290e,#7b7461,#857f73,#686159,#46382d,#312318,#31231a,#372821,#271513,#1c0a0a,#200d0f,#1f0b0d,#1d090a,#190705,#200e0a,#36251d,#4c3e31,#574a39,#584b38,#574b35,#56462d,#54442b,#54442b,#56462d,#54442b,#504027,#514128,#56462d,#57472e,#56462d,#524229,#4a3a21,#47371e,#48381f,#46361d,#423219,#46371a,#493a1d,#4a3a20,#47371e,#42321b,#41321d,#473825,#4e3e2e,#594c3b,#615443,#645746,#605340,#584d39,#544933,#50452f,#4c4229,#504027,#54442b,#58482f,#5b4b32
#989a8d,#999b8e,#97998c,#95978a,#a0a295,#b3b5a8,#bec0b3,#bdbfb2,#b6b8ab,#929487,#5d5f52,#727467,#a5a79a,#adafa2,#a9ab9e,#a8aa9d,#acaea0,#b1b3a5,#b8baac,#bcbeb1,#bdbfb2,#bfc1b4,#c3c5b8,#c6c8bd,#cbcdc2,#cdcfc4,#cfd1c6,#d2d3cb,#d3d4cc,#d4d5cd,#d4d5cd,#d3d4cc,#d3d9cf,#cdd0c7,#dadbd3,#d9d6cf,#e0d9d1,#e2d8cc,#ab9e8b,#6e6046,#574827,#584a25,#61552f,#3a300d,#4f452a,#978f7c,#948c81,#7b746c,#67594e,#53453a,#53423a,#57463f,#483433,#362022,#2d1719,#261012,#271113,#261110,#2f1a15,#443228,#574738,#5e4f3c,#594d37,#564a32,#594930,#57472e,#58482f,#594930,#56462d,#514128,#504027,#54442b,#594930,#58482f,#53432a,#4b3b22,#46361d,#46361d,#45351c,#423219,#45351b,#48381f,#48381f,#42331c,#3d2e19,#40311e,#4b3b2b,#524535,#635646,#6c5f4f,#706353,#685d4b,#5e5341,#554a36,#4e432f,#493e28,#56462d,#58482f,#5a4a31,#5a4a31
#7d7f72,#828477,#808275,#808275,#939588,#b2b4a7,#c1c3b6,#bfc1b4,#b4b6a9,#8e9083,#585a4d,#6c6e61,#a1a396,#a8aa9d,#a4a699,#a3a598,#a9ab9d,#aeb0a2,#b3b5a7,#b6b8aa,#b7b9ab,#b8baad,#bcbeb1,#c0c2b5,#c1c3b8,#c3c5ba,#c7c9be,#cccdc5,#cfd0c8,#d1d2ca,#d1d2ca,#d1d2ca,#d0d6cc,#ced1c8,#d8d9d1,#d6d3cc,#ded7cd,#dcd2c6,#a39683,#6f6146,#554625,#4f411c,#625630,#615734,#72694c,#9d9582,#928a7d,#70675e,#5f4f42,#4f3e34,#4e3b34,#58453f,#5a4542,#523a3a,#4c3235,#4b3134,#462c2d,#432928,#47302a,#544035,#604f3f,#604f3b,#594a33,#53452b,#594930,#58482f,#594930,#5b4b32,#58482f,#524229,#514128,#54442b,#5a4a31,#5a4a31,#55452c,#4b3b22,#45351c,#45351c,#45351c,#423219,#45351e,#46361f,#453621,#41321f,#3f2f1f,#453526,#504235,#5b4d40,#645649,#6f6154,#766a5c,#726658,#675b4b,#5b503e,#4c4431,#433b28,#55452c,#58482f,#5a4a31,#5b4b32
#87897c,#8c8e81,#898b7e,#888a7d,#999b8e,#b6b8ab,#c4c6b9,#c0c2b5,#b3b5a8,#8e9083,#585a4d,#6b6d60,#9ea093,#a6a89b,#a3a598,#a2a497,#a8aa9c,#acaea0,#b0b2a4,#b1b3a5,#b0b2a4,#b1b3a6,#b4b6a9,#b8baad,#b7b9ac,#babcb1,#c0c2b7,#c5c7bc,#cacbc3,#cdcec6,#cecfc7,#cecfc7,#cbd1c7,#cccfc6,#d4d4cc,#cfccc5,#dad1c8,#d3c7bb,#968976,#6b5b41,#615231,#534520,#4d3f1a,#6a5d3b,#797053,#8a826d,#a0988b,#8b8279,#827265,#6b594f,#54413a,#523d38,#563e3c,#523839,#55383c,#604345,#5b3e40,#563a37,#553c37,#5e483b,#63503f,#61513a,#5b4b32,#56482d,#594930,#58482f,#5a4a31,#5c4c33,#5a4a31,#54442b,#53432a,#56462d,#5b4b32,#5c4c33,#57472e,#4c3c23,#44341b,#44341b,#45351c,#44341b,#483924,#493a25,#473825,#443424,#443425,#49392c,#514338,#594b40,#584a41,#65584f,#73675b,#766a5e,#706456,#615849,#504736,#423928,#524229,#55452c,#5a4a31,#5c4c33
#a0a295,#a2a497,#9fa194,#9b9d90,#a4a699,#b3b5a8,#babcaf,#b8baad,#b2b4a7,#909285,#5b5d50,#6d6f62,#9d9f92,#a3a598,#a3a598,#a5a79a,#aaac9e,#adafa1,#b0b2a4,#b0b2a4,#afb1a3,#afb1a3,#b2b4a7,#b5b7aa,#b8baad,#bcbeb3,#c1c3b8,#c7c9be,#cbcdc2,#cdcfc4,#cdcec6,#cccdc5,#cbcec3,#ced1c8,#d4d4cc,#cfcbc2,#dbd2c9,#d2c6b8,#968774,#706046,#635433,#5c4e29,#493b14,#675a37,#706549,#68604b,#847c6f,#7f766d,#8a786c,#79675d,#624e47,#5e4642,#604645,#533638,#4a2c2e,#543638,#5d3f3f,#583a38,#583d36,#5e463a,#65503f,#63513b,#5f4f35,#5d4e31,#5a4a31,#58482f,#594930,#5b4b32,#594930,#54442b,#53432a,#57472e,#5b4b32,#5c4c33,#57472e,#4c3c23,#44341b,#43331a,#45351c,#46361d,#493a27,#473825,#443424,#423223,#423225,#413328,#43352c,#44352e,#43362e,#52453d,#655850,#71645b,#72685c,#6a6054,#584f40,#463d2e,#53432a,#57472e,#5b4b32,#5d4d34
#9d9f92,#9d9f92,#9d9f92,#9ea093,#a0a295,#a3a598,#a5a79a,#a6a89b,#a4a699,#85877a,#525447,#616356,#8e9083,#939588,#95978a,#9b9d90,#a3a695,#a6a998,#a9ab9d,#a9ab9d,#a8aa9c,#a9ab9d,#adafa2,#b0b2a5,#b8baad,#bbbdb0,#bfc1b6,#c3c5ba,#c5c7bc,#c5c7bc,#c3c5ba,#c2c3bb,#c3c6bb,#cbcec5,#d1d1c9,#cdc9c0,#ddd4cb,#d3c7b9,#988976,#79694f,#695937,#655730,#5b4d26,#625532,#695e42,#534b36,#382e22,#251c13,#372519,#3a281e,#3c2821,#4f3733,#634948,#5a3c3e,#4c2e30,#58383b,#5d3d3e,#583a38,#5a3d37,#5f483a,#65503d,#625038,#5e4e34,#5d4e31,#5d4d34,#5b4b32,#5a4a31,#5a4a31,#56462d,#514128,#514128,#55452c,#5a4a31,#5c4c33,#58482f,#4c3c23,#43331a,#43331a,#46361d,#48381f,#463626,#423222,#3f2f20,#403023,#403227,#3e3027,#372821,#31221b,#31241e,#3e312b,#52453d,#635950,#71675d,#72685e,#61574b,#4f4539,#5b4b32,#5d4d34,#5e4e35,#5d4d34
#86887b,#86887b,#8b8d80,#919386,#939588,#919386,#929487,#97998c,#8e9083,#707265,#3e4033,#4d4f42,#77796c,#7c7e71,#7f8174,#87897c,#949786,#979a89,#9b9d8f,#9b9d8f,#9b9d8f,#9c9e90,#a1a395,#a5a79a,#afb1a4,#b1b3a6,#b4b6ab,#b7b9ae,#b7b9ae,#b4b6ab,#b1b3a8,#afb1a6,#b5b8ad,#c0c2b7,#c6c6be,#c4c0b7,#d8cfc6,#cec2b4,#948572,#7a6a50,#675735,#61522b,#665831,#655835,#83785c,#837864,#392f23,#191007,#1d0b00,#251309,#2b1710,#412925,#5e4241,#583a3c,#503033,#614144,#624243,#5f403d,#5f423c,#654b3e,#66513e,#604e36,#59492f,#56472a,#615138,#5d4d34,#5b4b32,#594930,#54442b,#4f3f26,#4f3f26,#53432a,#5a4a31,#5c4c33,#58482f,#4c3c23,#43331a,#43331a,#47371e,#493920,#473727,#433324,#423223,#453528,#483a2f,#45372e,#392a23,#2f201b,#261913,#31241e,#443731,#5a5047,#6f655c,#756b61,#685e54,#564c40,#64543b,#63533a,#615138,#5d4d34
#6f6f63,#707064,#75756b,#797971,#7a7a72,#777671,#74736f,#74736f,#71706c,#4f4e4a,#393833,#43433b,#56564e,#5e5e54,#646458,#6c6c60,#797a6a,#7e7f6f,#838474,#868777,#888979,#8b8c7c,#909181,#959686,#999a8a,#9a9b8b,#9b9c8c,#9d9e8e,#9e9f8f,#9e9f8f,#9e9f8f,#9e9f8f,#95aca2,#9cada3,#a5aaa3,#b0a9a1,#beada3,#bca99b,#9f8c7b,#7b6f57,#6e6a4d,#595c3d,#5d6443,#686f50,#75755b,#8d8570,#736250,#271103,#43351b,#53452b,#4e3f28,#493d27,#574c38,#514934,#433b28,#473f2c,#4d4532,#4b402e,#5e513e,#6c5d4a,#61503c,#62503a,#6b573f,#644e37,#5f4f3f,#5f503b,#5b4d32,#554826,#50441c,#50441a,#51441a,#51431e,#554627,#5e4e35,#594834,#483524,#3f2c1b,#45331f,#493721,#44321a,#3e3926,#352f1f,#383222,#514e3f,#625e52,#4e4a3f,#3b372e,#413e37,#3b3831,#322f28,#38352e,#46463c,#58584e,#69695d,#69695d,#58594b,#63543f,#62533e,#5f503b,#5b4c37
#616155,#616155,#626258,#636359,#63635b,#61605b,#61605c,#62615d,#63625e,#494844,#373631,#3d3d35,#49493f,#4f4f45,#59594d,#67675b,#747565,#7a7b6b,#808171,#838474,#848575,#858676,#888979,#8b8c7c,#8d8e7e,#8e8f7f,#909181,#919282,#939484,#939484,#939484,#939484,#869d93,#8d9d93,#949a90,#9d968c,#ab9a90,#b09a8c,#9c8774,#7f7059,#777255,#646847,#6b7251,#787f60,#84846a,#928c76,#6f604d,#200d00,#5c4e34,#62543a,#574831,#51452d,#5e523c,#5a4f3b,#4c412f,#4c412f,#4f4432,#534635,#5f5241,#695a47,#675642,#6a5842,#6b5943,#63513b,#665646,#62533e,#5b4d32,#544725,#51451d,#50441a,#50441c,#50421f,#56472a,#5b4b34,#574634,#4b3a2a,#453221,#473521,#46341e,#423018,#393421,#4a4434,#565040,#5c594a,#5e5a4e,#504c41,#423e35,#434039,#36332c,#3a3730,#3d3a33,#38382e,#424238,#606054,#6c6c60,#5c5d4f,#685944,#645540,#5f503b,#5a4b36
#505044,#505044,#505046,#4e4e44,#4d4d45,#4e4d48,#51504c,#52514d,#53524e,#44433f,#3a3934,#3b3b33,#3b3b31,#3e3e34,#4f4f43,#656559,#727363,#797a6a,#818272,#858676,#858676,#838474,#838474,#858676,#868777,#878878,#898a7a,#8b8c7c,#8c8d7d,#8d8e7e,#8d8e7e,#8d8e7e,#809488,#869389,#8b8e83,#90887d,#9c8a7c,#a38c7c,#99836e,#86765c,#868060,#797957,#7c8260,#878c6c,#909074,#98927c,#726554,#2d1c0c,#6c5e43,#66583d,#584a30,#564730,#63543f,#60513e,#524232,#503f2f,#4a382a,#5c4a3c,#655444,#695949,#756653,#7b6c57,#766752,#73644f,#726252,#675843,#5a4c31,#534624,#51451f,#52461e,#50441c,#4e411e,#594a2d,#584831,#544331,#4d3c2c,#463525,#41301e,#403019,#3f2f18,#3a3522,#595343,#666052,#5d5a4b,#5d594d,#5a564d,#4c483f,#3f3c35,#333029,#403d36,#3e3b34,#25251d,#25251b,#505044,#6d6d61,#646458,#6e614e,#675b45,#5e523c,#584c36
#49493d,#4c4c40,#4c4c40,#4a4a40,#4a4a42,#4d4c47,#4d4c47,#4a4945,#494844,#44433e,#403f3a,#3b3b33,#303026,#2f2f23,#454539,#616155,#717262,#797a6a,#828373,#888979,#888979,#858676,#848575,#848575,#888979,#898a7a,#8b8c7c,#8c8d7d,#8e8f7f,#8e8f7f,#8f9080,#8f9080,#849688,#899587,#8d8f81,#918879,#978473,#9e8571,#998169,#8d7a5c,#948a67,#8b8764,#8b8c6a,#8f9070,#929276,#97937a,#7c7461,#4e4130,#685d3f,#5d5234,#55472c,#5d4d34,#695741,#675241,#594335,#533c2e,#543c30,#745e51,#7d6a5c,#7f6d5f,#8e7e6e,#8d8270,#827a65,#847c67,#7e6e5e,#6d5e49,#5b4d33,#534626,#534721,#52461e,#50441e,#4e411f,#5b4d32,#554631,#4f3f2f,#4a382a,#412f21,#3b2a18,#3f2e1a,#473720,#585242,#6c6656,#6b6557,#5e5a4e,#646055,#646057,#4b4640,#312e27,#37342f,#3c3934,#333029,#16160e,#111107,#3d3d33,#67675b,#6d6d61,#776a57,#6c5f4c,#605340,#594c39
#525345,#56564a,#57574b,#55554b,#56564e,#565550,#4d4c47,#41403b,#403f3a,#403f3a,#3e3d38,#33332b,#212117,#1e1e12,#353529,#515244,#6a6b5b,#727363,#7c7d6d,#828373,#838474,#818272,#818272,#818272,#888979,#898a7a,#8a8b7b,#8b8c7c,#8c8d7d,#8c8d7d,#8c8d7d,#8c8d7d,#82907f,#889180,#8c8d7b,#928775,#96816c,#977d64,#92795b,#8b7454,#978763,#978d69,#999570,#979775,#959476,#959178,#847d6a,#69604f,#645b3a,#584d2d,#5b4d30,#6b5a40,#715b46,#694e3d,#5f4234,#593b30,#6d4f45,#8f746b,#9d857b,#9c8a7e,#a29585,#97907e,#8b8673,#8e8c77,#887868,#73644f,#5d4f35,#554828,#554825,#534721,#504320,#504323,#5b4d33,#544532,#4d3d2e,#453528,#3e2e1f,#3e2e1e,#4b3c29,#5a4b36,#787262,#7c7666,#726c5e,#666256,#686459,#5d5950,#423d37,#2f2c25,#3a3732,#2d2a25,#201d16,#101008,#0d0d03,#2c2c22,#5b5b4f,#737367,#7d705d,#726552,#655845,#5e513e
#666759,#68695b,#68685c,#67675d,#696961,#65655d,#51504b,#3b3a35,#34332e,#363530,#34342c,#292921,#1a1a10,#19190d,#303123,#494a3c,#676858,#6e6f5f,#777868,#7c7d6d,#7d7e6e,#7c7d6d,#7d7e6e,#7f8070,#868777,#878878,#878878,#888979,#888979,#878878,#878878,#868777,#7a8574,#7f8674,#888572,#8e826c,#907c63,#8f7457,#896c4a,#836742,#8f7952,#988960,#a19871,#a39d7b,#a19e7f,#95937a,#82806b,#726f5c,#635d39,#58502c,#645737,#756148,#6d523d,#604031,#623e32,#643f37,#77524c,#8d6c65,#9f847d,#a59389,#a5998b,#979483,#8e8f7d,#929582,#8e7e6e,#776853,#605238,#574c2c,#544a26,#504622,#4e4421,#504527,#574b35,#514434,#483a2f,#423429,#44362b,#4e4131,#5b4e3b,#645842,#635d4d,#696353,#666052,#615d51,#605c51,#524e45,#423d37,#3f3c37,#34312c,#1c1914,#120f0a,#12120a,#0f0f07,#222218,#4f4f45,#747468,#7f7462,#766b59,#6b604e,#635844
#7c7d6f,#7d7e70,#7b7b6f,#7b7b6f,#818177,#7e7e76,#63625d,#45443f,#2a2924,#2c2b26,#2d2d25,#2a2a20,#28281c,#313125,#494a3c,#606153,#767767,#7b7c6c,#818272,#838474,#838474,#848575,#868777,#898a7a,#8d8e7e,#8d8e7e,#8d8e7e,#8d8e7e,#8c8d7d,#8b8c7c,#8a8b7b,#898a7a,#818a79,#848975,#898772,#90846a,#917c5f,#8d7050,#84643e,#7d5d34,#86693f,#927b51,#9d8b63,#a69976,#a9a383,#9c9b7f,#868570,#797b66,#6a653f,#5f5733,#6e6141,#7c674c,#654934,#583426,#694137,#7b504a,#865d59,#84615d,#967973,#a59389,#9f9589,#949283,#8f9382,#8c9582,#8f826f,#776b55,#62563c,#5a4f2f,#564c29,#4f4522,#4e4323,#53472d,#574a37,#504436,#45382f,#42352c,#4f4239,#5f5345,#5f5442,#554a36,#3e3828,#474133,#484234,#4b473b,#585449,#565249,#48433d,#413e39,#23201b,#110e09,#100d08,#15150d,#111109,#1e1e14,#4a4a40,#717167,#807563,#7a6f5d,#716654,#695e4c
#8a8b7b,#8a8b7d,#88897b,#8a8a7e,#95958b,#94948c,#77776f,#565550,#262520,#282820,#2d2d25,#333329,#3d3d31,#505143,#6c6d5f,#828373,#8a8b7b,#8e8f7f,#919282,#929383,#919282,#919282,#959686,#999a8a,#999a8a,#999a8a,#989989,#989989,#969787,#959686,#939484,#929383,#929989,#919481,#95907a,#998b70,#988161,#8f714d,#85623a,#7e592d,#856034,#8f6e43,#947b52,#a08e6a,#ada282,#a4a085,#8d8f79,#838872,#75714b,#6a623e,#7a6d4d,#826d52,#644833,#5a3427,#794e47,#956863,#a87c79,#926c69,#9a7d79,#ab9891,#9f978c,#909183,#8a9382,#818c7b,#8f826f,#796d57,#64583e,#5d5234,#574c2c,#4f4424,#4d4425,#544a31,#594d3d,#51443b,#42382f,#40352f,#544a41,#655b4f,#574e3d,#3c3421,#373123,#3c3628,#363024,#3b372c,#58544b,#635e58,#4b4642,#302d28,#14100d,#0d0906,#14110c,#181712,#101008,#1d1d15,#49493f,#6e6e64,#7e7564,#7a7160,#736a59,#6b6251
#969787,#969787,#939486,#949488,#9d9d93,#9b9b91,#7f7f77,#5e5e56,#292921,#1f1f17,#26261c,#47473d,#6b6b5f,#828375,#919282,#9c9d8d,#9d9e8e,#a0a191,#a3a494,#a5a696,#a5a696,#a4a595,#a5a696,#a6a797,#a6a797,#a7a898,#a7a898,#a8a999,#a7a898,#a5a696,#a3a494,#a2a393,#a0a495,#a1a292,#a7a28c,#ad9f84,#a58e6e,#95754e,#896237,#875c2f,#895d2e,#865d31,#89663c,#977d58,#a69776,#a7a285,#959980,#848c75,#7c7852,#76704c,#7a6d4d,#79654c,#644833,#532f21,#6c413a,#936862,#976e6c,#8b6564,#937672,#a4918a,#9d958a,#8f9082,#8b9483,#8a9785,#908370,#80745e,#6d6147,#615638,#574c2c,#4c4324,#493f24,#4d422e,#5e5546,#4f453c,#332824,#1b120d,#302720,#635b50,#665f4f,#393220,#352f21,#403a2c,#464034,#49453a,#57534a,#605b55,#4b4642,#292522,#15110e,#14100d,#130f0c,#181712,#1d1d15,#202018,#3f3f35,#707066,#817a6a,#807969,#716a58,#665f4d
#9e9f8f,#9fa090,#9c9d8f,#9b9c8e,#9f9f93,#9b9b91,#82827a,#65655d,#1c1c14,#1c1c14,#313127,#5c5c50,#848577,#999a8c,#a3a494,#a9aa9a,#aaab9b,#adae9e,#b0b1a1,#b0b1a1,#afb0a0,#acad9d,#abac9c,#abac9c,#a8a999,#a9aa9a,#abac9c,#acad9d,#adae9e,#adae9e,#acad9d,#abac9c,#aeb1a6,#afb0a2,#b5b09c,#b6aa90,#ae9775,#9c7c53,#91683a,#906030,#915d2d,#8e5b2e,#8c6137,#95734e,#9f8b6a,#9f987b,#93977e,#869077,#76724d,#6b6543,#74694b,#847057,#755a47,#5b392d,#6a443b,#916864,#8b6361,#7e5c5a,#876b67,#99867f,#9a9287,#949587,#8e9585,#848f7e,#8b7e6b,#7b6f59,#685c42,#5c5135,#514829,#494023,#473d24,#473f2c,#4a4036,#362d28,#211715,#120a08,#261f19,#5d564c,#6b6557,#423f2e,#352f21,#443e32,#504a3e,#545045,#5d5950,#5c5751,#413c38,#1e1a17,#1b1714,#201c19,#231f1c,#272621,#272621,#26261e,#45453d,#76766c,#827b6b,#807969,#706959,#625b4b
#a4a595,#a6a797,#a4a595,#a2a395,#a4a498,#a0a096,#8e8e84,#787870,#404038,#434339,#56564c,#7b7b6f,#9a9b8d,#a6a797,#a8a999,#aaab9b,#adae9e,#b0b1a1,#b3b4a4,#b4b5a5,#b2b3a3,#afb0a0,#adae9e,#adae9e,#aeaf9f,#afb0a0,#b1b2a2,#b3b4a4,#b4b5a5,#b3b4a4,#b3b4a4,#b2b3a3,#b2b5ae,#b5b5ab,#b9b6a5,#bbaf97,#b09c7b,#a28158,#976b3e,#966031,#985e2e,#945a2c,#905b31,#906942,#957b5a,#958c6f,#8f9277,#89937a,#8f8b68,#888262,#8d8266,#93836a,#856e5c,#6e5143,#6f4e45,#83605a,#9e7d78,#937672,#8f7872,#8c7b73,#837b70,#878578,#8f9384,#8c9381,#887b68,#796d57,#665a40,#584f32,#4f4629,#493f24,#453d26,#463d2e,#31281f,#19110e,#110809,#0b0505,#191410,#514d44,#716d61,#565543,#464034,#524c40,#5b544a,#5c584f,#5d5852,#544f4b,#36312e,#14100d,#1b1714,#24201d,#2c2825,#2c2b27,#262520,#202018,#3b3b33,#6a6a62,#817b6d,#807a6c,#6f695b,#605a4a
#a3a492,#a6a797,#a7a898,#a7a89a,#a9a99d,#a8a89e,#9e9e94,#919187,#85857b,#818177,#84847a,#949488,#a2a395,#a7a898,#a7a898,#a8a997,#a8a999,#acad9d,#b1b2a2,#b3b4a4,#b2b3a3,#b0b1a1,#afb0a0,#afb0a0,#b4b5a5,#b5b6a6,#b6b7a7,#b6b7a7,#b6b7a7,#b5b6a6,#b3b4a4,#b2b3a3,#adb1b0,#b3b4af,#b9b5a9,#bbb09a,#b49f80,#a9885f,#9f7042,#9d6333,#a15f2f,#9d5a2d,#975930,#92623c,#907250,#8f8164,#8a8d70,#879176,#898466,#8c8568,#8d8368,#8b7c65,#847160,#80695b,#7e6358,#7d6259,#9e837c,#9f8882,#9e8b84,#8c7e75,#776d61,#7b7869,#8e8c7d,#90917f,#8a7e68,#7b6f59,#695d43,#5a5134,#534a2d,#4d462c,#49412c,#463e31,#201913,#0b0203,#0c0608,#0f090b,#0f0b08,#403d36,#706e62,#6a6b5b,#655f53,#645e52,#60594f,#59554c,#57524c,#4a4541,#2c2724,#0e0a07,#161211,#201c1b,#272320,#292824,#25241f,#1e1d18,#32322a,#585850,#7f796b,#827c6e,#746e60,#655f51
#a3a492,#a6a795,#a8a999,#aaab9d,#adada1,#adada1,#a9a99f,#a2a298,#a9a99f,#a2a298,#9f9f93,#a3a397,#a9aa9c,#adae9e,#b0b19f,#b2b3a1,#adae9e,#b1b2a2,#b5b6a6,#b7b8a8,#b6b7a7,#b4b5a5,#b3b4a4,#b3b4a4,#b4b5a5,#b5b6a6,#b6b7a7,#b7b8a8,#b7b8a8,#b6b7a7,#b4b5a5,#b3b4a4,#b0b3b8,#b5b7b6,#bbb8af,#bdb5a2,#bba88a,#b4926c,#a9794b,#a36534,#a75f2f,#a55b2e,#a05b32,#99613c,#926e4c,#8c7b5d,#858569,#7f896e,#7e795c,#766f55,#776c56,#7f725f,#7e6e5e,#6f5f50,#665448,#66544a,#746258,#806f65,#8e8075,#8c8074,#82786c,#898272,#8f8979,#86816e,#8b7f69,#7e725a,#6c6046,#5e5439,#584e33,#524b31,#4c4532,#463e33,#1a120f,#0a0406,#120c10,#140f13,#090806,#292823,#5e5e52,#737466,#797367,#6c665a,#5e574d,#555148,#524d47,#433e3a,#241f1c,#080403,#0f0b0a,#14100f,#181413,#1f1e1a,#272622,#25241f,#32322a,#4e4e46,#787468,#827e72,#787468,#696657
#aaab99,#aaab99,#abac9c,#aeafa1,#afb0a2,#afafa3,#ababa1,#a7a79d,#aaaaa0,#a9a99f,#aaaa9e,#aeafa1,#b2b3a5,#b4b5a5,#b5b6a4,#b4b5a3,#b5b6a6,#b7b8a8,#b9baaa,#b8b9a9,#b5b6a6,#b3b4a4,#b2b3a3,#b2b3a3,#b3b4a4,#b5b6a6,#b7b8a8,#b9baaa,#bbbcac,#bbbcac,#bbbcac,#bbbcac,#b5b9c2,#b7bbbe,#bbbab5,#bfb8a6,#c1b094,#bd9d76,#af7f51,#a36333,#aa5e2d,#aa592c,#a45931,#9e603b,#946c49,#897656,#7b7a5c,#727b5e,#7b735c,#5f5740,#615944,#837b68,#887f6e,#6a6152,#605448,#716559,#6d6155,#695d51,#6e6256,#776b5d,#817567,#908776,#928978,#817966,#8a7e68,#80745c,#6e6449,#60563b,#595236,#564e37,#4c4533,#413a30,#1c1412,#130d11,#140f15,#141217,#0b090a,#171812,#44463b,#6f7163,#7a7468,#6a6359,#5c554b,#565249,#534e48,#433e3a,#282320,#120e0d,#0a0605,#0a0605,#090504,#100f0b,#1f1e1a,#21201b,#282722,#3a3a32,#696559,#7c786c,#7b776b,#6b675b
#b0b19f,#aeaf9d,#adae9e,#b0b1a1,#b3b4a6,#b1b1a5,#acaca2,#a8a89e,#a7a79d,#acaca2,#b1b1a5,#b5b6a8,#b7b8a8,#b7b8a8,#b5b6a4,#b2b3a1,#b9baaa,#b9baaa,#b9baaa,#b7b8a8,#b4b5a5,#b3b4a4,#b3b4a4,#b5b6a6,#b9baaa,#bbbcac,#bdbeae,#c0c1b1,#c1c2b2,#c2c3b3,#c2c3b3,#c1c2b2,#bac0cc,#bbc0c6,#bdbdbb,#c3bdad,#cdbca0,#cdad87,#be8b5e,#ad6b3b,#ac5b2c,#aa5628,#a3542b,#9b5936,#926544,#836e4f,#726e51,#646d50,#5f5742,#4a422d,#4d4532,#6b6451,#7d7664,#767060,#797365,#898375,#7b7567,#6a6255,#60584b,#615849,#695d4d,#7d7060,#8a7d6c,#877a69,#8b7f69,#82765e,#72684d,#655b40,#5d563a,#59513a,#4c4533,#3d362c,#221d1a,#1d181c,#140f16,#141217,#151515,#12130e,#303227,#676b5d,#797367,#6a6359,#5d564c,#58544b,#544f49,#494440,#3d3835,#373332,#2b2726,#252120,#1a1615,#171612,#1e1d19,#191813,#181712,#23221d,#524e42,#6f6b5f,#787468,#6b675b
#b2b3a1,#aeaf9d,#adae9e,#b2b3a3,#b6b7a9,#b4b4a8,#afafa5,#ababa1,#a6a69c,#acaca2,#b1b1a5,#b5b6a8,#b7b8a8,#babbab,#babba9,#b8b9a7,#babbab,#bbbcac,#bbbcac,#b9baaa,#b8b9a9,#b8b9a9,#bbbcac,#bebfaf,#c2c3b3,#c3c4b4,#c5c6b6,#c6c7b7,#c6c7b7,#c6c7b7,#c4c5b5,#c3c4b4,#c1c7d5,#c1c5ce,#c2c4c1,#cdc7b9,#dccbb1,#e1c19b,#d19e71,#be7a4b,#ab5a2b,#a95225,#a04e26,#98542f,#8e603f,#7f6849,#6b6849,#5b6447,#5e5641,#59513e,#49422f,#3e3725,#484232,#5c594a,#646152,#5e5b4c,#6d6a5b,#666052,#665e51,#635a4b,#5c5040,#645746,#7b6b5b,#857663,#8d816b,#857961,#766c51,#695f44,#625b41,#5d5540,#4e4737,#3d362e,#2a2424,#252026,#130e15,#141118,#202022,#151611,#26291e,#636759,#7d776b,#6e675d,#605951,#58544b,#524d47,#4e4946,#544f4c,#5e5a59,#615d5c,#575352,#433f3e,#333230,#2c2b27,#1d1c17,#14130e,#1c1b16,#3e3c2f,#636154,#737164,#6a685b
#b1b2a4,#b5b6a8,#b5b6a8,#b3b4a6,#b4b5a7,#b8b9ab,#b8b9ab,#b6b7a9,#afb0a2,#aeafa1,#b1b2a4,#b7b8aa,#b9baac,#b6b7a9,#b5b6a8,#b7b8aa,#b9baac,#bbbcae,#bcbdaf,#bbbcae,#b8b9ab,#b8b9ab,#bcbdaf,#c0c1b3,#c4c5b7,#c3c4b6,#c2c3b5,#c3c4b6,#c5c6b8,#c6c7b9,#c5c6b8,#c4c5b7,#bcc5b0,#c4c8b9,#c9c6bf,#c9c4c1,#c9c4c1,#c2c2ba,#b0b19f,#a29b7e,#90744f,#905c34,#964c25,#9c4c29,#9a5534,#926548,#77684b,#545738,#52543e,#574a37,#5f3b2d,#612d22,#5d221a,#4d1d13,#361b10,#221c10,#21261f,#212725,#242328,#34292f,#2d1e23,#2b201e,#2a261d,#68695b,#978c7a,#837864,#756b52,#6d6246,#615638,#5b5034,#53472f,#433625,#32251c,#241915,#1e1413,#1d1415,#120d0a,#17140d,#434337,#787a6c,#83806d,#747162,#615d51,#5a574e,#595651,#504d48,#59564f,#737367,#757666,#787967,#6c6f5e,#66685a,#62635b,#3f3f3f,#1b1a20,#191722,#2a2a28,#555553,#6d6e69,#686963
#b1b2a4,#b5b6a8,#b5b6a8,#b3b4a6,#b4b5a7,#b8b9ab,#b8b9ab,#b6b7a9,#b1b2a4,#b0b1a3,#b3b4a6,#b9baac,#bbbcae,#b8b9ab,#b7b8aa,#b9baac,#bbbcae,#bdbeb0,#bebfb1,#bdbeb0,#babbad,#babbad,#bebfb1,#c2c3b5,#c4c5b7,#c3c4b6,#c2c3b5,#c3c4b6,#c5c6b8,#c6c7b9,#c5c6b8,#c4c5b7,#bcc5b0,#c3c7b8,#c6c3bc,#c4bfbc,#c6c1be,#c3c3bb,#b5b6a4,#a9a285,#a0845f,#9d6941,#9e542d,#9e4e2b,#995433,#906346,#76674a,#545738,#4e503a,#554835,#613d2f,#653126,#61261e,#4f1f15,#351a0f,#1f190d,#040902,#040a08,#06050a,#150a10,#0e0004,#0d0200,#0d0900,#4b4c3e,#958a78,#817662,#736950,#6b6044,#5f5436,#594e32,#51452d,#413423,#34271e,#261b17,#201615,#1f1617,#140f0c,#19160f,#454539,#7b7d6f,#898673,#797667,#656155,#5d5a51,#5a5752,#504d48,#58554e,#727266,#7e7f6f,#848573,#797c6b,#757769,#6f7068,#484848,#201f25,#1b1924,#1d1d1b,#4a4a48,#656661,#63645e
